model,horizon,mse_mean,mse_std,mae_mean,mae_std
LSTM,90,217542.95,15697.495,359.49457,16.684174
LSTM,365,517175.34,24154.54,603.7328,10.975578
